{"_id": "@0xzyo/confutionrce", "name": "@0xzyo/confutionrce", "dist-tags": {"latest": "1.0.0"}, "versions": {"1.0.0": {"name": "@0xzyo/confutionrce", "version": "1.0.0", "description": "Malicious package for dependency confusion PoC with RCE", "main": "index.js", "scripts": {"test": "echo \"Error: no test specified\" && exit 1"}, "author": {"name": "attacker"}, "license": "ISC", "_id": "@0xzyo/confutionrce@1.0.0", "_nodeVersion": "20.18.0", "_npmVersion": "9.2.0", "dist": {"integrity": "sha512-WrvkEVU2EhGFKNLP3pEG9J+PwxOUuda/RHP31Hc3waLSZIS+PyRl5kuXF2ShtO4+IlOyzGwcdJjnOr+NrEDpew==", "shasum": "4bed502a9ae21af6d0b55d2154b8212254607921", "tarball": "https://registry.npmjs.org/@0xzyo/confutionrce/-/confutionrce-1.0.0.tgz", "fileCount": 2, "unpackedSize": 1633, "signatures": [{"keyid": "SHA256:DhQ8wR5APBvFHLF/+Tc+AYvPOdTpcIDqOhxsBHRwC7U", "sig": "MEYCIQDqMyqZFMOSoI7nPk3JrT4mjeVXt+o3WocDcjzpsrPRgAIhAPJQqkeuZGUWr5YTh68NbgsnrYyd1Fy2RX4shanQn51d"}]}, "_npmUser": {"name": "0xzyo", "email": "zs.01117875692@gmail.com"}, "directories": {}, "maintainers": [{"name": "0xzyo", "email": "zs.01117875692@gmail.com"}], "_npmOperationalInternal": {"host": "s3://npm-registry-packages-npm-production", "tmp": "tmp/confutionrce_1.0.0_1743775521086_0.7229966288508667"}, "_hasShrinkwrap": false}}, "time": {"created": "2025-04-04T14:05:20.996Z", "1.0.0": "2025-04-04T14:05:21.316Z", "modified": "2025-04-04T14:05:21.589Z"}, "maintainers": [{"name": "0xzyo", "email": "zs.01117875692@gmail.com"}], "description": "Malicious package for dependency confusion PoC with RCE", "author": {"name": "attacker"}, "license": "ISC", "readme": "ERROR: No README data found!", "readmeFilename": "", "_rev": "1-27685756e6f88bb419d3930066bcfd95"}